THREADS,TAMANHO,RUNTIME(s)
1,10000,0.447415
1,100000,44.932028
1,1000000,4498.181200
